"unitCode","unitName","siteID","siteName","year","bandCombination","QCFlag","QCNotes","scientificName","commonName","TSN","chickWeightInGrams","drynessInPercent","eggToothPresence","yolkSacPresence","notes","type","basisOfRecord"
"PORE","Point Reyes National Seashore","RA","2011 Dune Restoration Area",2016,"av:yr",,,"Charadrius nivosus","Western Snowy Plover","824030",,50,"Yes egg tooth are present",,"Dot on the aqua band","Event","HumanObservation"
"PORE","Point Reyes National Seashore","RA","2011 Dune Restoration Area",2016,"av:rb",,,"Charadrius nivosus","Western Snowy Plover","824030",6.30000019073486,50,"Yes egg tooth are present","No yolk sac present","Dot on the red band. USFWS - 8021-20791","Event","HumanObservation"
"PORE","Point Reyes National Seashore","RA","2011 Dune Restoration Area",2016,"av:rb",,,"Charadrius nivosus","Western Snowy Plover","824030",6.19999980926514,80,"Yes egg tooth are present","No yolk sac present","Dot on the aqua band. USFWS - 8021-20790","Event","HumanObservation"
"PORE","Point Reyes National Seashore","RA","2011 Dune Restoration Area",2017,"av:ob",,,"Charadrius nivosus","Western Snowy Plover","824030",6.69999980926514,100,"Yes egg tooth are present",,"USFWS: 8021-20534","Event","HumanObservation"
"PORE","Point Reyes National Seashore","RA","2011 Dune Restoration Area",2017,"av:rr",,,"Charadrius nivosus","Western Snowy Plover","824030",5.19999980926514,100,"Yes egg tooth are present",,"USFWS: 8021-20528","Event","HumanObservation"
"PORE","Point Reyes National Seashore","RA","2011 Dune Restoration Area",2017,"av:wy",,,"Charadrius nivosus","Western Snowy Plover","824030",,100,"Yes egg tooth are present",,"USFWS: 8021-18395","Event","HumanObservation"
"PORE","Point Reyes National Seashore","RA","2011 Dune Restoration Area",2017,"av:wy",,,"Charadrius nivosus","Western Snowy Plover","824030",,100,"No egg tooth present",,"USFWS: 8021-18393","Event","HumanObservation"
"PORE","Point Reyes National Seashore","RA","2011 Dune Restoration Area",2017,"av:gr",,,"Charadrius nivosus","Western Snowy Plover","824030",5.59999990463257,100,"Yes egg tooth are present",,"USFWS: 8021-20544","Event","HumanObservation"
"PORE","Point Reyes National Seashore","RA","2011 Dune Restoration Area",2017,"av:gr",,,"Charadrius nivosus","Western Snowy Plover","824030",5.80000019073486,100,"No egg tooth present",,"USFWS: 8021-20545","Event","HumanObservation"
"PORE","Point Reyes National Seashore","RA","2011 Dune Restoration Area",2017,"av:rr",,,"Charadrius nivosus","Western Snowy Plover","824030",5,60,"Yes egg tooth are present",,"USFWS: 8021-20529","Event","HumanObservation"
"PORE","Point Reyes National Seashore","RA","2011 Dune Restoration Area",2017,"av:rr",,,"Charadrius nivosus","Western Snowy Plover","824030",5,100,"No egg tooth present","No yolk sac present","USFWS: 8021-20530; banded, but bands and tape were not melted (didn't have soldering iron)","Event","HumanObservation"
"PORE","Point Reyes National Seashore","RA","2011 Dune Restoration Area",2018,"av:rg",,,"Charadrius nivosus","Western Snowy Plover","824030",,95,"Yes egg tooth are present",,"USFWS: 8021-12090. Banded on 7/7/18 by M Lau","Event","HumanObservation"
"PORE","Point Reyes National Seashore","RA","2011 Dune Restoration Area",2018,"av:gg",,,"Charadrius nivosus","Western Snowy Plover","824030",,25,"Yes egg tooth are present",,"USFWS: 8021-12076","Event","HumanObservation"
"PORE","Point Reyes National Seashore","RA","2011 Dune Restoration Area",2018,"av:rg",,,"Charadrius nivosus","Western Snowy Plover","824030",5.09999990463257,100,"Yes egg tooth are present",,"USFWS: 8021-12088. Banded on 7/6 by R. DiGaudio","Event","HumanObservation"
"PORE","Point Reyes National Seashore","L","Limantour Beach",2017,"av:ag",,,"Charadrius nivosus","Western Snowy Plover","824030",,100,"No egg tooth present","No yolk sac present","USFWS: 8021-18400","Event","HumanObservation"
"PORE","Point Reyes National Seashore","L","Limantour Beach",2017,"av:bg",,,"Charadrius nivosus","Western Snowy Plover","824030",6.09999990463257,,"Yes egg tooth are present",,"USFWS: 8021-20526","Event","HumanObservation"
"PORE","Point Reyes National Seashore","L","Limantour Beach",2017,"av:rw",,,"Charadrius nivosus","Western Snowy Plover","824030",5.19999980926514,100,"Yes egg tooth are present",,"USFWS: 8021-20543","Event","HumanObservation"
"PORE","Point Reyes National Seashore","L","Limantour Beach",2017,"av:ag",,,"Charadrius nivosus","Western Snowy Plover","824030",,100,"No egg tooth present","No yolk sac present","USFWS: 8021-12069","Event","HumanObservation"
"PORE","Point Reyes National Seashore","L","Limantour Beach",2017,"av:rw",,,"Charadrius nivosus","Western Snowy Plover","824030",5.59999990463257,90,"Yes egg tooth are present",,"USFWS: 8021-20541","Event","HumanObservation"
"PORE","Point Reyes National Seashore","L","Limantour Beach",2017,"av:bg",,,"Charadrius nivosus","Western Snowy Plover","824030",6.19999980926514,,"Yes egg tooth are present",,"USFWS: 8021-20523","Event","HumanObservation"
"PORE","Point Reyes National Seashore","L","Limantour Beach",2017,"av:bg",,,"Charadrius nivosus","Western Snowy Plover","824030",6,,"Yes egg tooth are present",,"USFWS: 8021-20527","Event","HumanObservation"
"PORE","Point Reyes National Seashore","L","Limantour Beach",2018,"av:go",,,"Charadrius nivosus","Western Snowy Plover","824030",,,,,"USFWS: 8021-18647","Event","HumanObservation"
"PORE","Point Reyes National Seashore","L","Limantour Beach",2018,"av:go",,,"Charadrius nivosus","Western Snowy Plover","824030",,,,,"USFWS: 8021-18646","Event","HumanObservation"
"PORE","Point Reyes National Seashore","L","Limantour Beach",2018,"av:go",,,"Charadrius nivosus","Western Snowy Plover","824030",,,,,"USFWS: 8021-18645","Event","HumanObservation"
"PORE","Point Reyes National Seashore","L","Limantour Beach",2018,"av:ao",,,"Charadrius nivosus","Western Snowy Plover","824030",5.40000009536743,100,"Yes egg tooth are present",,"USFWS: 8021-12100","Event","HumanObservation"
"PORE","Point Reyes National Seashore","L","Limantour Beach",2018,"av:bw",,,"Charadrius nivosus","Western Snowy Plover","824030",,,,,"USFWS: 8021-12075","Event","HumanObservation"
"PORE","Point Reyes National Seashore","L","Limantour Beach",2018,"av:bw",,,"Charadrius nivosus","Western Snowy Plover","824030",,,,,"USFWS: 8021-12074","Event","HumanObservation"
"PORE","Point Reyes National Seashore","L","Limantour Beach",2018,"av:gb",,,"Charadrius nivosus","Western Snowy Plover","824030",5.69999980926514,100,"Yes egg tooth are present",,"USFWS: 8021-12098","Event","HumanObservation"
"PORE","Point Reyes National Seashore","L","Limantour Beach",2018,"av:bw",,,"Charadrius nivosus","Western Snowy Plover","824030",,,,,"USFWS: 8021-12073","Event","HumanObservation"
"PORE","Point Reyes National Seashore","L","Limantour Beach",2018,"av:rr",,,"Charadrius nivosus","Western Snowy Plover","824030",,,,,"USFWS: 8021-12081","Event","HumanObservation"
"PORE","Point Reyes National Seashore","L","Limantour Beach",2018,"av:rr",,,"Charadrius nivosus","Western Snowy Plover","824030",,,,,"USFWS: 8021-12080","Event","HumanObservation"
"PORE","Point Reyes National Seashore","L","Limantour Beach",2018,"av:yw",,,"Charadrius nivosus","Western Snowy Plover","824030",,100,"Yes egg tooth are present",,"USFWS: 8021-12087","Event","HumanObservation"
"PORE","Point Reyes National Seashore","L","Limantour Beach",2018,"av:yw",,,"Charadrius nivosus","Western Snowy Plover","824030",,95,"Yes egg tooth are present",,"USFWS: 8021-12086","Event","HumanObservation"
"PORE","Point Reyes National Seashore","L","Limantour Beach",2018,"av:gb",,,"Charadrius nivosus","Western Snowy Plover","824030",6.59999990463257,100,"No egg tooth present",,"USFWS: 8021-12099","Event","HumanObservation"
"PORE","Point Reyes National Seashore","L","Limantour Beach",2019,"av:ro",,,"Charadrius nivosus","Western Snowy Plover","824030",5.80000019073486,0,"Yes egg tooth are present","Yes yolk sac present","8021-18661","Event","HumanObservation"
"PORE","Point Reyes National Seashore","L","Limantour Beach",2019,"av:ro",,,"Charadrius nivosus","Western Snowy Plover","824030",,,,,"8021-18659","Event","HumanObservation"
"PORE","Point Reyes National Seashore","L","Limantour Beach",2019,"av:bo",,,"Charadrius nivosus","Western Snowy Plover","824030",,100,"No egg tooth present",,"8021-18679","Event","HumanObservation"
"PORE","Point Reyes National Seashore","L","Limantour Beach",2019,"av:bo",,,"Charadrius nivosus","Western Snowy Plover","824030",,100,"Yes egg tooth are present",,"8021-18678","Event","HumanObservation"
"PORE","Point Reyes National Seashore","L","Limantour Beach",2019,"av:bo",,,"Charadrius nivosus","Western Snowy Plover","824030",,100,"No egg tooth present",,"8021-18680","Event","HumanObservation"
"PORE","Point Reyes National Seashore","L","Limantour Beach",2019,"av:ro",,,"Charadrius nivosus","Western Snowy Plover","824030",6.09999990463257,100,"Yes egg tooth are present",,"8021-18660","Event","HumanObservation"
"PORE","Point Reyes National Seashore","L","Limantour Beach",2020,"av:ga",,,"Charadrius nivosus","Western Snowy Plover","824030",,100,"No egg tooth present",,"8021-18685","Event","HumanObservation"
"PORE","Point Reyes National Seashore","L","Limantour Beach",2021,"av:rv",,,"Charadrius nivosus","Western Snowy Plover","824030",,100,"Yes egg tooth are present","No yolk sac present","8021-26955","Event","HumanObservation"
"PORE","Point Reyes National Seashore","L","Limantour Beach",2021,"av:ab",,,"Charadrius nivosus","Western Snowy Plover","824030",,95,"Yes egg tooth are present","No yolk sac present","8021-26912","Event","HumanObservation"
"PORE","Point Reyes National Seashore","L","Limantour Beach",2021,"av:rv",,,"Charadrius nivosus","Western Snowy Plover","824030",,100,"Yes egg tooth are present","No yolk sac present","8021-18689","Event","HumanObservation"
"PORE","Point Reyes National Seashore","L","Limantour Beach",2021,"av:wa",,,"Charadrius nivosus","Western Snowy Plover","824030",,15,"Yes egg tooth are present","No yolk sac present","8021-26936","Event","HumanObservation"
"PORE","Point Reyes National Seashore","L","Limantour Beach",2021,"av:wa",,,"Charadrius nivosus","Western Snowy Plover","824030",,80,"Yes egg tooth are present","No yolk sac present","8021-26932","Event","HumanObservation"
"PORE","Point Reyes National Seashore","L","Limantour Beach",2021,"av:wa",,,"Charadrius nivosus","Western Snowy Plover","824030",,90,"Yes egg tooth are present","No yolk sac present","8021-26933","Event","HumanObservation"
"PORE","Point Reyes National Seashore","L","Limantour Beach",2021,"av:rv",,,"Charadrius nivosus","Western Snowy Plover","824030",,100,"No egg tooth present","No yolk sac present","8021-26954","Event","HumanObservation"
"PORE","Point Reyes National Seashore","L","Limantour Beach",2022,"va:bv",,,"Charadrius nivosus","Western Snowy Plover","824030",,,"Yes egg tooth are present","No yolk sac present","2851-04804","Event","HumanObservation"
"PORE","Point Reyes National Seashore","L","Limantour Beach",2022,"x:x",,,"Charadrius nivosus","Western Snowy Plover","824030",,,,,"Chick not banded due to abnormal injuries to eye and head","Event","HumanObservation"
"PORE","Point Reyes National Seashore","L","Limantour Beach",2022,"va:br",,,"Charadrius nivosus","Western Snowy Plover","824030",,100,"Yes egg tooth are present","No yolk sac present","8021-26968","Event","HumanObservation"
"PORE","Point Reyes National Seashore","L","Limantour Beach",2022,"va:ba",,,"Charadrius nivosus","Western Snowy Plover","824030",,,"No egg tooth present","No yolk sac present","2851-04805","Event","HumanObservation"
"PORE","Point Reyes National Seashore","L","Limantour Beach",2022,"x:x",,,"Charadrius nivosus","Western Snowy Plover","824030",,,,,"Chick likely depredated within a day of hatch before we could band the entire brood.","Event","HumanObservation"
"PORE","Point Reyes National Seashore","L","Limantour Beach",2022,"x:x",,,"Charadrius nivosus","Western Snowy Plover","824030",,,,,"Chick likely depredated within a day of hatch before we could band the entire brood.","Event","HumanObservation"
"PORE","Point Reyes National Seashore","L","Limantour Beach",2022,"x:x",,,"Charadrius nivosus","Western Snowy Plover","824030",,,,,"Chick not banded due to abnormal injuries to eye and head","Event","HumanObservation"
"PORE","Point Reyes National Seashore","L","Limantour Beach",2022,"va:aa",,,"Charadrius nivosus","Western Snowy Plover","824030",,100,"Yes egg tooth are present","No yolk sac present","8021-26905","Event","HumanObservation"
"PORE","Point Reyes National Seashore","L","Limantour Beach",2023,"rv:gy",,,"Charadrius nivosus","Western Snowy Plover","824030",,100,"No egg tooth present","No yolk sac present","M. Lau, 2851-04871, didn't fledge","Event","HumanObservation"
"PORE","Point Reyes National Seashore","L","Limantour Beach",2023,"rv:vg",,,"Charadrius nivosus","Western Snowy Plover","824030",,100,"No egg tooth present","No yolk sac present","M. Lau, 2851-04894, fledged","Event","HumanObservation"
"PORE","Point Reyes National Seashore","L","Limantour Beach",2023,"rv:aa",,,"Charadrius nivosus","Western Snowy Plover","824030",,,"No egg tooth present","No yolk sac present","R. DiGaudio, didn't fledge, 2851-04888","Event","HumanObservation"
"PORE","Point Reyes National Seashore","L","Limantour Beach",2023,"rv:ag",,,"Charadrius nivosus","Western Snowy Plover","824030",,,"Yes egg tooth are present","No yolk sac present","R. DiGaudio, didn't fledge, 2851-04887","Event","HumanObservation"
"PORE","Point Reyes National Seashore","L","Limantour Beach",2023,"rv:va",,,"Charadrius nivosus","Western Snowy Plover","824030",,100,"No egg tooth present","No yolk sac present","M. Lau, 2851-04896, fledged","Event","HumanObservation"
"PORE","Point Reyes National Seashore","L","Limantour Beach",2023,"av:vb",,,"Charadrius nivosus","Western Snowy Plover","824030",,100,"Yes egg tooth are present","No yolk sac present","C. Eyster, 8021-26981, fledged","Event","HumanObservation"
"PORE","Point Reyes National Seashore","L","Limantour Beach",2023,"rv:bo",,,"Charadrius nivosus","Western Snowy Plover","824030",,,"No egg tooth present","No yolk sac present","R. DiGaudio, didn't fledge, 2851-04886","Event","HumanObservation"
"PORE","Point Reyes National Seashore","L","Limantour Beach",2023,"rv:wy",,,"Charadrius nivosus","Western Snowy Plover","824030",,80,"No egg tooth present","No yolk sac present","C. Eyster, 8021-26983, fledged","Event","HumanObservation"
"PORE","Point Reyes National Seashore","L","Limantour Beach",2023,"rv:wo",,,"Charadrius nivosus","Western Snowy Plover","824030",,100,"Yes egg tooth are present","No yolk sac present","C. Eyster, 8021-26982","Event","HumanObservation"
"PORE","Point Reyes National Seashore","L","Limantour Beach",2023,"rv:vb",,,"Charadrius nivosus","Western Snowy Plover","824030",,100,"No egg tooth present","No yolk sac present","M. Lau, 2851-04895, didn't fledge","Event","HumanObservation"
"PORE","Point Reyes National Seashore","L","Limantour Beach",2023,"rv:gr",,,"Charadrius nivosus","Western Snowy Plover","824030",,100,"Yes egg tooth are present","No yolk sac present","M.Lau, 2851-04873, fledged","Event","HumanObservation"
"PORE","Point Reyes National Seashore","L","Limantour Beach",2023,"rv:rb",,,"Charadrius nivosus","Western Snowy Plover","824030",,100,"Yes egg tooth are present","No yolk sac present","C. Eyster, 8021-26980","Event","HumanObservation"
"PORE","Point Reyes National Seashore","L","Limantour Beach",2023,"rv:go",,,"Charadrius nivosus","Western Snowy Plover","824030",,100,"Yes egg tooth are present","No yolk sac present","C. Eyster, 8021-26979","Event","HumanObservation"
"PORE","Point Reyes National Seashore","L","Limantour Beach",2023,"x:x",,,"Charadrius nivosus","Western Snowy Plover","824030",,,,,,"Event","HumanObservation"
"PORE","Point Reyes National Seashore","L","Limantour Beach",2023,"rv:gw",,,"Charadrius nivosus","Western Snowy Plover","824030",,100,"No egg tooth present","No yolk sac present","M. Lau, 2851-04872, didn't fledge","Event","HumanObservation"
"PORE","Point Reyes National Seashore","L","Limantour Beach",2024,"av;wr",,,"Charadrius nivosus","Western Snowy Plover","824030",,50,"Yes egg tooth are present","No yolk sac present",,"Event","HumanObservation"
"PORE","Point Reyes National Seashore","L","Limantour Beach",2024,"av;wa",,,"Charadrius nivosus","Western Snowy Plover","824030",,80,"Yes egg tooth are present","No yolk sac present",,"Event","HumanObservation"
"PORE","Point Reyes National Seashore","L","Limantour Beach",2025,"rv;gg",,,"Charadrius nivosus","Western Snowy Plover","824030",,100,"Yes egg tooth are present","No yolk sac present",,"Event","HumanObservation"
"PORE","Point Reyes National Seashore","L","Limantour Beach",2025,"rv;vv",,,"Charadrius nivosus","Western Snowy Plover","824030",,100,"No egg tooth present","No yolk sac present",,"Event","HumanObservation"
"PORE","Point Reyes National Seashore","L","Limantour Beach",2025,"rv;bp",,,"Charadrius nivosus","Western Snowy Plover","824030",,100,"Yes egg tooth are present","No yolk sac present",,"Event","HumanObservation"
"PORE","Point Reyes National Seashore","L","Limantour Beach",2025,"rv;yy",,,"Charadrius nivosus","Western Snowy Plover","824030",,100,"Yes egg tooth are present","No yolk sac present",,"Event","HumanObservation"
"PORE","Point Reyes National Seashore","L","Limantour Beach",2025,"rv;yg",,,"Charadrius nivosus","Western Snowy Plover","824030",,100,"Yes egg tooth are present","No yolk sac present",,"Event","HumanObservation"
"PORE","Point Reyes National Seashore","NP","North Beach - Abbott's",2016,"av:aw",,,"Charadrius nivosus","Western Snowy Plover","824030",6.80000019073486,10,"Yes egg tooth are present",,"Dot on the aqua band. USFWS - 8021-20775","Event","HumanObservation"
"PORE","Point Reyes National Seashore","NP","North Beach - Abbott's",2016,"av:wg",,,"Charadrius nivosus","Western Snowy Plover","824030",5.90000009536743,95,"Yes egg tooth are present","No yolk sac present","Dot on the aqua. USFWS - 8021-20792","Event","HumanObservation"
"PORE","Point Reyes National Seashore","NP","North Beach - Abbott's",2016,"av:aw",,,"Charadrius nivosus","Western Snowy Plover","824030",6.80000019073486,90,"No egg tooth present",,"Dot on the right leg aqua band. USFWS - 8021-20776","Event","HumanObservation"
"PORE","Point Reyes National Seashore","NP","North Beach - Abbott's",2016,"av:wg",,,"Charadrius nivosus","Western Snowy Plover","824030",5.69999980926514,95,"Yes egg tooth are present","No yolk sac present","Dot on the white. USFWS - 8021-20794","Event","HumanObservation"
"PORE","Point Reyes National Seashore","NP","North Beach - Abbott's",2016,"av:gr",,,"Charadrius nivosus","Western Snowy Plover","824030",6.19999980926514,100,"No egg tooth present","No yolk sac present","USFWS - 8021-11092. Banded on 6/18/16","Event","HumanObservation"
"PORE","Point Reyes National Seashore","NP","North Beach - Abbott's",2016,"a(59)v:yy",,,"Charadrius nivosus","Western Snowy Plover","824030",,100,"Yes egg tooth are present",,"#59 on the aqua band. Dot on the bottom yellow. USFWS - 8021-11100","Event","HumanObservation"
"PORE","Point Reyes National Seashore","NP","North Beach - Abbott's",2016,"a(58)v:yy",,,"Charadrius nivosus","Western Snowy Plover","824030",,100,"Yes egg tooth are present",,"#58 on the aqua band. Dot on the aqua. USFWS - 8021-11099","Event","HumanObservation"
"PORE","Point Reyes National Seashore","NP","North Beach - Abbott's",2016,"a(60)v:yy",,,"Charadrius nivosus","Western Snowy Plover","824030",,100,"Yes egg tooth are present",,"#60 on the aqua band. Dot on the top yellow. USFWS - 8021-11098","Event","HumanObservation"
"PORE","Point Reyes National Seashore","NP","North Beach - Abbott's",2016,"av:bg",,,"Charadrius nivosus","Western Snowy Plover","824030",5.59999990463257,80,"Yes egg tooth are present","No yolk sac present","USFWS - 8021-20795","Event","HumanObservation"
"PORE","Point Reyes National Seashore","NP","North Beach - Abbott's",2016,"v:x",,,"Charadrius nivosus","Western Snowy Plover","824030",5.19999980926514,50,"Yes egg tooth are present","No yolk sac present","USFWS - 8021-20796","Event","HumanObservation"
"PORE","Point Reyes National Seashore","NP","North Beach - Abbott's",2016,"av:wg",,,"Charadrius nivosus","Western Snowy Plover","824030",5.90000009536743,95,"No egg tooth present","No yolk sac present","Dot on the green. USFWS - 8021-20793","Event","HumanObservation"
"PORE","Point Reyes National Seashore","NP","North Beach - Abbott's",2016,"av:aw",,,"Charadrius nivosus","Western Snowy Plover","824030",6.80000019073486,90,"Yes egg tooth are present",,"Dot on the white. USFWS - 8021-20777","Event","HumanObservation"
"PORE","Point Reyes National Seashore","NP","North Beach - Abbott's",2016,"av:or",,,"Charadrius nivosus","Western Snowy Plover","824030",7,100,"No egg tooth present","No yolk sac present","Weight includes bag. Dot on the aqua band. USFWS - 8021-20787","Event","HumanObservation"
"PORE","Point Reyes National Seashore","NP","North Beach - Abbott's",2016,"av:or",,,"Charadrius nivosus","Western Snowy Plover","824030",6.59999990463257,90,"Yes egg tooth are present","No yolk sac present","Weight likely includes bag. Dot on the orange. USFWS - 8021-20788","Event","HumanObservation"
"PORE","Point Reyes National Seashore","NP","North Beach - Abbott's",2016,"av:gg",,,"Charadrius nivosus","Western Snowy Plover","824030",,50,"Yes egg tooth are present",,"USFWS band - 8021-20785","Event","HumanObservation"
"PORE","Point Reyes National Seashore","NP","North Beach - Abbott's",2016,"av:gg",,,"Charadrius nivosus","Western Snowy Plover","824030",,50,"Yes egg tooth are present",,"USFWS band - 8021-20784","Event","HumanObservation"
"PORE","Point Reyes National Seashore","NP","North Beach - Abbott's",2016,"av:or",,,"Charadrius nivosus","Western Snowy Plover","824030",6.30000019073486,95,"Yes egg tooth are present","No yolk sac present","Weight likely includes bag. Dot on violet. USFWS - 8021-20789","Event","HumanObservation"
"PORE","Point Reyes National Seashore","NP","North Beach - Abbott's",2016,"av:ab",,,"Charadrius nivosus","Western Snowy Plover","824030",,90,"Yes egg tooth are present",,"Dot on the left leg aqua. USFWS - 8021-20778","Event","HumanObservation"
"PORE","Point Reyes National Seashore","NP","North Beach - Abbott's",2016,"av:ab",,,"Charadrius nivosus","Western Snowy Plover","824030",,95,"Yes egg tooth are present",,"Dot on the right leg aqua. USFWS - 8021-20779","Event","HumanObservation"
"PORE","Point Reyes National Seashore","NP","North Beach - Abbott's",2017,"av:yg",,,"Charadrius nivosus","Western Snowy Plover","824030",5.59999990463257,100,"Yes egg tooth are present",,"USFWS: 8021-18392","Event","HumanObservation"
"PORE","Point Reyes National Seashore","NP","North Beach - Abbott's",2017,"av:by",,,"Charadrius nivosus","Western Snowy Plover","824030",5.69999980926514,100,"No egg tooth present",,"USFWS: 8021-20799","Event","HumanObservation"
"PORE","Point Reyes National Seashore","NP","North Beach - Abbott's",2017,"av:by",,,"Charadrius nivosus","Western Snowy Plover","824030",5.80000019073486,100,"Yes egg tooth are present",,"USFWS: 8021-20797","Event","HumanObservation"
"PORE","Point Reyes National Seashore","NP","North Beach - Abbott's",2017,"av:yb",,,"Charadrius nivosus","Western Snowy Plover","824030",,100,"No egg tooth present",,"USFWS: 8021-20546","Event","HumanObservation"
"PORE","Point Reyes National Seashore","NP","North Beach - Abbott's",2017,"av:ar",,,"Charadrius nivosus","Western Snowy Plover","824030",,100,"No egg tooth present",,"USFWS: 8021-18398","Event","HumanObservation"
"PORE","Point Reyes National Seashore","NP","North Beach - Abbott's",2017,"av:ww",,,"Charadrius nivosus","Western Snowy Plover","824030",,50,"Yes egg tooth are present",,"USFWS: 8021-20531; dot on aqua; too windy for weights","Event","HumanObservation"
"PORE","Point Reyes National Seashore","NP","North Beach - Abbott's",2017,"av:ww",,,"Charadrius nivosus","Western Snowy Plover","824030",,30,"Yes egg tooth are present",,"USFWS: 8021-20532; dot on top white; too windy for weights","Event","HumanObservation"
"PORE","Point Reyes National Seashore","NP","North Beach - Abbott's",2017,"av:gg",,,"Charadrius nivosus","Western Snowy Plover","824030",,,"No egg tooth present",,"USFWS: 8021-18397","Event","HumanObservation"
"PORE","Point Reyes National Seashore","NP","North Beach - Abbott's",2017,"av:gg",,,"Charadrius nivosus","Western Snowy Plover","824030",,,"Yes egg tooth are present",,"USFWS: 8021-18396","Event","HumanObservation"
"PORE","Point Reyes National Seashore","NP","North Beach - Abbott's",2017,"av:yb",,,"Charadrius nivosus","Western Snowy Plover","824030",,25,"Yes egg tooth are present",,"USFWS: 8021-20548; Too windy for weights","Event","HumanObservation"
"PORE","Point Reyes National Seashore","NP","North Beach - Abbott's",2017,"av:aw",,,"Charadrius nivosus","Western Snowy Plover","824030",,100,"No egg tooth present",,"USFWS: 8021-12071","Event","HumanObservation"
"PORE","Point Reyes National Seashore","NP","North Beach - Abbott's",2017,"av:ww",,,"Charadrius nivosus","Western Snowy Plover","824030",,100,"No egg tooth present",,"USFWS: 8021-20533; dot on bottom white; too windy for weights","Event","HumanObservation"
"PORE","Point Reyes National Seashore","NP","North Beach - Abbott's",2017,"av:yg",,,"Charadrius nivosus","Western Snowy Plover","824030",5.40000009536743,100,"Yes egg tooth are present",,"USFWS: 8021-18391","Event","HumanObservation"
"PORE","Point Reyes National Seashore","NP","North Beach - Abbott's",2017,"av:aw",,,"Charadrius nivosus","Western Snowy Plover","824030",,100,"No egg tooth present",,"USFWS: 8021-12072","Event","HumanObservation"
"PORE","Point Reyes National Seashore","NP","North Beach - Abbott's",2017,"av:yb",,,"Charadrius nivosus","Western Snowy Plover","824030",,50,"Yes egg tooth are present",,"USFWS: 8021-20547; Too windy for weights","Event","HumanObservation"
"PORE","Point Reyes National Seashore","NP","North Beach - Abbott's",2017,"av:oy",,,"Charadrius nivosus","Western Snowy Plover","824030",5.90000009536743,90,"Yes egg tooth are present","No yolk sac present","USFWS: 8021-20536;  out of aqua bands so used a blue band and then covered with aqua tape","Event","HumanObservation"
"PORE","Point Reyes National Seashore","NP","North Beach - Abbott's",2017,"av:oy",,,"Charadrius nivosus","Western Snowy Plover","824030",5.5,100,"Yes egg tooth are present","No yolk sac present","USFWS: 8021-20535;  out of aqua bands so used a white band and then covered with aqua tape","Event","HumanObservation"
"PORE","Point Reyes National Seashore","NP","North Beach - Abbott's",2017,"av:oy",,,"Charadrius nivosus","Western Snowy Plover","824030",5.5,95,"Yes egg tooth are present","No yolk sac present","USFWS: 8021-20537; out of aqua bands so used a white band and then covered with aqua tape","Event","HumanObservation"
"PORE","Point Reyes National Seashore","NP","North Beach - Abbott's",2017,"av:by",,,"Charadrius nivosus","Western Snowy Plover","824030",5.69999980926514,100,"Yes egg tooth are present",,"USFWS: 8021-20798","Event","HumanObservation"
"PORE","Point Reyes National Seashore","NP","North Beach - Abbott's",2017,"av:aw",,,"Charadrius nivosus","Western Snowy Plover","824030",,100,"No egg tooth present",,"USFWS: 8021-12070","Event","HumanObservation"
"PORE","Point Reyes National Seashore","NP","North Beach - Abbott's",2017,"av:yg",,,"Charadrius nivosus","Western Snowy Plover","824030",5.80000019073486,100,"Yes egg tooth are present",,"USFWS: 8021-20800","Event","HumanObservation"
"PORE","Point Reyes National Seashore","NP","North Beach - Abbott's",2017,"av:gg",,,"Charadrius nivosus","Western Snowy Plover","824030",,,"Yes egg tooth are present",,"USFWS: 8021-18394","Event","HumanObservation"
"PORE","Point Reyes National Seashore","NP","North Beach - Abbott's",2018,"av:ob",,,"Charadrius nivosus","Western Snowy Plover","824030",,95,"No egg tooth present",,"USFWS: 8021-12079","Event","HumanObservation"
"PORE","Point Reyes National Seashore","NP","North Beach - Abbott's",2018,"av:ob",,,"Charadrius nivosus","Western Snowy Plover","824030",,95,"No egg tooth present",,"USFWS: 8021-12078","Event","HumanObservation"
"PORE","Point Reyes National Seashore","NP","North Beach - Abbott's",2018,"av:oo",,,"Charadrius nivosus","Western Snowy Plover","824030",6.59999990463257,100,"No egg tooth present",,"USFWS: 8021-12096","Event","HumanObservation"
"PORE","Point Reyes National Seashore","NP","North Beach - Abbott's",2018,"av:yg",,,"Charadrius nivosus","Western Snowy Plover","824030",,100,"Yes egg tooth are present",,"USFWS: 8021-12093","Event","HumanObservation"
"PORE","Point Reyes National Seashore","NP","North Beach - Abbott's",2018,"av:yg",,,"Charadrius nivosus","Western Snowy Plover","824030",,100,"Yes egg tooth are present",,"USFWS: 8021-12092","Event","HumanObservation"
"PORE","Point Reyes National Seashore","NP","North Beach - Abbott's",2018,"av:gw",,,"Charadrius nivosus","Western Snowy Plover","824030",,,"Yes egg tooth are present",,"USFWS: 8021-18650","Event","HumanObservation"
"PORE","Point Reyes National Seashore","NP","North Beach - Abbott's",2018,"av:oy",,,"Charadrius nivosus","Western Snowy Plover","824030",6.30000019073486,90,"Yes egg tooth are present",,"USFWS: 8021-12083","Event","HumanObservation"
"PORE","Point Reyes National Seashore","NP","North Beach - Abbott's",2018,"av:gw",,,"Charadrius nivosus","Western Snowy Plover","824030",,,"Yes egg tooth are present",,"USFWS: 8021-18649","Event","HumanObservation"
"PORE","Point Reyes National Seashore","NP","North Beach - Abbott's",2018,"av:gw",,,"Charadrius nivosus","Western Snowy Plover","824030",,,"Yes egg tooth are present",,"USFWS: 8021-18648","Event","HumanObservation"
"PORE","Point Reyes National Seashore","NP","North Beach - Abbott's",2018,"av:oo",,,"Charadrius nivosus","Western Snowy Plover","824030",6.5,100,"No egg tooth present",,"USFWS: 8021-12097","Event","HumanObservation"
"PORE","Point Reyes National Seashore","NP","North Beach - Abbott's",2018,"av:yg",,,"Charadrius nivosus","Western Snowy Plover","824030",,100,"Yes egg tooth are present",,"USFWS: 8021-12091","Event","HumanObservation"
"PORE","Point Reyes National Seashore","NP","North Beach - Abbott's",2018,"av:oo",,,"Charadrius nivosus","Western Snowy Plover","824030",6.90000009536743,100,"Yes egg tooth are present",,"USFWS: 8021-12095","Event","HumanObservation"
"PORE","Point Reyes National Seashore","NP","North Beach - Abbott's",2018,"av:gr",,,"Charadrius nivosus","Western Snowy Plover","824030",5.90000009536743,95,"No egg tooth present",,"USFWS: 8021-12084","Event","HumanObservation"
"PORE","Point Reyes National Seashore","NP","North Beach - Abbott's",2018,"av:gr",,,"Charadrius nivosus","Western Snowy Plover","824030",6,50,"Yes egg tooth are present",,"USFWS: 8021-12085","Event","HumanObservation"
"PORE","Point Reyes National Seashore","NP","North Beach - Abbott's",2018,"av:oy",,,"Charadrius nivosus","Western Snowy Plover","824030",6.30000019073486,50,"Yes egg tooth are present",,"USFWS: 8021-12082","Event","HumanObservation"
"PORE","Point Reyes National Seashore","NP","North Beach - Abbott's",2018,"av:oy",,,"Charadrius nivosus","Western Snowy Plover","824030",6.19999980926514,25,"Yes egg tooth are present",,"USFWS: 8021-12077","Event","HumanObservation"
"PORE","Point Reyes National Seashore","NP","North Beach - Abbott's",2019,"av:vo",,,"Charadrius nivosus","Western Snowy Plover","824030",,50,"Yes egg tooth are present",,"8021-18663","Event","HumanObservation"
"PORE","Point Reyes National Seashore","NP","North Beach - Abbott's",2019,"av:vo",,,"Charadrius nivosus","Western Snowy Plover","824030",,95,"No egg tooth present",,"8021-18662
8021-18662","Event","HumanObservation"
"PORE","Point Reyes National Seashore","NP","North Beach - Abbott's",2020,"av:yb",,,"Charadrius nivosus","Western Snowy Plover","824030",,100,"Yes egg tooth are present",,"8021-26951","Event","HumanObservation"
"PORE","Point Reyes National Seashore","NP","North Beach - Abbott's",2020,"av:yo",,,"Charadrius nivosus","Western Snowy Plover","824030",6.09999990463257,95,"Yes egg tooth are present",,"8021-18681","Event","HumanObservation"
"PORE","Point Reyes National Seashore","NP","North Beach - Abbott's",2020,"av:yb",,,"Charadrius nivosus","Western Snowy Plover","824030",,100,"Yes egg tooth are present",,"8021-26952","Event","HumanObservation"
"PORE","Point Reyes National Seashore","NP","North Beach - Abbott's",2020,"av:yo",,,"Charadrius nivosus","Western Snowy Plover","824030",6.19999980926514,95,"No egg tooth present",,"8021-18682","Event","HumanObservation"
"PORE","Point Reyes National Seashore","NP","North Beach - Abbott's",2020,"av:gv",,,"Charadrius nivosus","Western Snowy Plover","824030",,95,"Yes egg tooth are present",,"8021-26935","Event","HumanObservation"
"PORE","Point Reyes National Seashore","NP","North Beach - Abbott's",2020,"av:aa",,,"Charadrius nivosus","Western Snowy Plover","824030",,,"Yes egg tooth are present",,"8021-18700","Event","HumanObservation"
"PORE","Point Reyes National Seashore","NP","North Beach - Abbott's",2020,"av:aa",,,"Charadrius nivosus","Western Snowy Plover","824030",,,"Yes egg tooth are present",,"8021-18698","Event","HumanObservation"
"PORE","Point Reyes National Seashore","NP","North Beach - Abbott's",2020,"av:yo",,,"Charadrius nivosus","Western Snowy Plover","824030",,50,"Yes egg tooth are present",,"8021-18683","Event","HumanObservation"
"PORE","Point Reyes National Seashore","NP","North Beach - Abbott's",2020,"av:aa",,,"Charadrius nivosus","Western Snowy Plover","824030",,,"Yes egg tooth are present",,"8021-18699","Event","HumanObservation"
"PORE","Point Reyes National Seashore","NP","North Beach - Abbott's",2020,"av:rv",,,"Charadrius nivosus","Western Snowy Plover","824030",,40,"No egg tooth present",,"8021-26943","Event","HumanObservation"
"PORE","Point Reyes National Seashore","NP","North Beach - Abbott's",2020,"av:gv",,,"Charadrius nivosus","Western Snowy Plover","824030",,90,"Yes egg tooth are present",,"8021-26934","Event","HumanObservation"
"PORE","Point Reyes National Seashore","NP","North Beach - Abbott's",2020,"av:yb",,,"Charadrius nivosus","Western Snowy Plover","824030",,100,"No egg tooth present",,"8021-26953","Event","HumanObservation"
"PORE","Point Reyes National Seashore","NP","North Beach - Abbott's",2020,"av:wv",,,"Charadrius nivosus","Western Snowy Plover","824030",,85,"Yes egg tooth are present",,"8021-18693","Event","HumanObservation"
"PORE","Point Reyes National Seashore","NP","North Beach - Abbott's",2020,"av:ba",,,"Charadrius nivosus","Western Snowy Plover","824030",,100,"Yes egg tooth are present",,"8021-18684","Event","HumanObservation"
"PORE","Point Reyes National Seashore","NP","North Beach - Abbott's",2020,"av:ba",,,"Charadrius nivosus","Western Snowy Plover","824030",,100,"Yes egg tooth are present",,"8021-18686","Event","HumanObservation"
"PORE","Point Reyes National Seashore","NP","North Beach - Abbott's",2020,"av:yv",,,"Charadrius nivosus","Western Snowy Plover","824030",,100,"No egg tooth present",,"8021-18697","Event","HumanObservation"
"PORE","Point Reyes National Seashore","NP","North Beach - Abbott's",2020,"av:vo",,,"Charadrius nivosus","Western Snowy Plover","824030",,25,"Yes egg tooth are present",,"8021-26946","Event","HumanObservation"
"PORE","Point Reyes National Seashore","NP","North Beach - Abbott's",2020,"av:wv",,,"Charadrius nivosus","Western Snowy Plover","824030",,95,"Yes egg tooth are present",,"8021-18692","Event","HumanObservation"
"PORE","Point Reyes National Seashore","NP","North Beach - Abbott's",2020,"av:rv",,,"Charadrius nivosus","Western Snowy Plover","824030",,100,"No egg tooth present",,"8021-26944","Event","HumanObservation"
"PORE","Point Reyes National Seashore","NP","North Beach - Abbott's",2020,"av:ra",,,"Charadrius nivosus","Western Snowy Plover","824030",,100,"No egg tooth present","No yolk sac present","8021-18687","Event","HumanObservation"
"PORE","Point Reyes National Seashore","NP","North Beach - Abbott's",2020,"av:ra",,,"Charadrius nivosus","Western Snowy Plover","824030",,100,"No egg tooth present","No yolk sac present","8021-18688","Event","HumanObservation"
"PORE","Point Reyes National Seashore","NP","North Beach - Abbott's",2020,"av:vo",,,"Charadrius nivosus","Western Snowy Plover","824030",,50,"Yes egg tooth are present",,"8021-26950","Event","HumanObservation"
"PORE","Point Reyes National Seashore","NP","North Beach - Abbott's",2020,"av:vo",,,"Charadrius nivosus","Western Snowy Plover","824030",,75,"Yes egg tooth are present",,"8021-26949","Event","HumanObservation"
"PORE","Point Reyes National Seashore","NP","North Beach - Abbott's",2020,"av:rv",,,"Charadrius nivosus","Western Snowy Plover","824030",,100,"No egg tooth present",,"8021-26945","Event","HumanObservation"
"PORE","Point Reyes National Seashore","NP","North Beach - Abbott's",2021,"av:va",,,"Charadrius nivosus","Western Snowy Plover","824030",,100,"Yes egg tooth are present",,"8021-26957","Event","HumanObservation"
"PORE","Point Reyes National Seashore","NP","North Beach - Abbott's",2021,"av:aa",,,"Charadrius nivosus","Western Snowy Plover","824030",,25,"Yes egg tooth are present","No yolk sac present","8021-26916","Event","HumanObservation"
"PORE","Point Reyes National Seashore","NP","North Beach - Abbott's",2021,"av:aa",,,"Charadrius nivosus","Western Snowy Plover","824030",5.80000019073486,25,"Yes egg tooth are present","No yolk sac present","8021-26917","Event","HumanObservation"
"PORE","Point Reyes National Seashore","NP","North Beach - Abbott's",2021,"av:aa",,,"Charadrius nivosus","Western Snowy Plover","824030",,10,"Yes egg tooth are present","Yes yolk sac present","8021-26915","Event","HumanObservation"
"PORE","Point Reyes National Seashore","NP","North Beach - Abbott's",2021,"av:wv",,,"Charadrius nivosus","Western Snowy Plover","824030",,100,"Yes egg tooth are present","No yolk sac present","8021-26961","Event","HumanObservation"
"PORE","Point Reyes National Seashore","NP","North Beach - Abbott's",2021,"av:vo",,,"Charadrius nivosus","Western Snowy Plover","824030",,45,"Yes egg tooth are present","No yolk sac present","8021-26911","Event","HumanObservation"
"PORE","Point Reyes National Seashore","NP","North Beach - Abbott's",2021,"av:vo",,,"Charadrius nivosus","Western Snowy Plover","824030",,90,"Yes egg tooth are present","No yolk sac present","8021-26913","Event","HumanObservation"
"PORE","Point Reyes National Seashore","NP","North Beach - Abbott's",2021,"av:vo",,,"Charadrius nivosus","Western Snowy Plover","824030",,90,"Yes egg tooth are present","No yolk sac present","8021-26914","Event","HumanObservation"
"PORE","Point Reyes National Seashore","NP","North Beach - Abbott's",2021,"av:ga",,,"Charadrius nivosus","Western Snowy Plover","824030",,100,"No egg tooth present","No yolk sac present","8021-26918","Event","HumanObservation"
"PORE","Point Reyes National Seashore","NP","North Beach - Abbott's",2021,"av:ga",,,"Charadrius nivosus","Western Snowy Plover","824030",,100,"No egg tooth present","No yolk sac present","8021-26922","Event","HumanObservation"
"PORE","Point Reyes National Seashore","NP","North Beach - Abbott's",2021,"av:wv",,,"Charadrius nivosus","Western Snowy Plover","824030",,100,"Yes egg tooth are present","No yolk sac present","8021-26960","Event","HumanObservation"
"PORE","Point Reyes National Seashore","NP","North Beach - Abbott's",2021,"av:wv",,,"Charadrius nivosus","Western Snowy Plover","824030",,100,"Yes egg tooth are present","No yolk sac present","8021-26959","Event","HumanObservation"
"PORE","Point Reyes National Seashore","NP","North Beach - Abbott's",2021,"av:ba",,,"Charadrius nivosus","Western Snowy Plover","824030",,50,"Yes egg tooth are present","No yolk sac present","8021-26928","Event","HumanObservation"
"PORE","Point Reyes National Seashore","NP","North Beach - Abbott's",2021,"av:ba",,,"Charadrius nivosus","Western Snowy Plover","824030",,50,"Yes egg tooth are present","No yolk sac present","8021-26927","Event","HumanObservation"
"PORE","Point Reyes National Seashore","NP","North Beach - Abbott's",2021,"av:ba",,,"Charadrius nivosus","Western Snowy Plover","824030",,25,"Yes egg tooth are present","Yes yolk sac present","8021-26926","Event","HumanObservation"
"PORE","Point Reyes National Seashore","NP","North Beach - Abbott's",2021,"av:va",,,"Charadrius nivosus","Western Snowy Plover","824030",,100,"Yes egg tooth are present",,"8021-26958","Event","HumanObservation"
"PORE","Point Reyes National Seashore","NP","North Beach - Abbott's",2021,"av:va",,,"Charadrius nivosus","Western Snowy Plover","824030",,100,"No egg tooth present",,"8021-26956","Event","HumanObservation"
"PORE","Point Reyes National Seashore","NP","North Beach - Abbott's",2021,"av:ga",,,"Charadrius nivosus","Western Snowy Plover","824030",,100,"No egg tooth present","No yolk sac present","8021-26919","Event","HumanObservation"
"PORE","Point Reyes National Seashore","NP","North Beach - Abbott's",2022,"va:wy",,,"Charadrius nivosus","Western Snowy Plover","824030",,100,,,"8021-26971, fledged","Event","HumanObservation"
"PORE","Point Reyes National Seashore","NP","North Beach - Abbott's",2022,"va:gb",,,"Charadrius nivosus","Western Snowy Plover","824030",,75,"No egg tooth present","No yolk sac present","8021-26906","Event","HumanObservation"
"PORE","Point Reyes National Seashore","NP","North Beach - Abbott's",2022,"va:ay",,,"Charadrius nivosus","Western Snowy Plover","824030",,25,"Yes egg tooth are present","No yolk sac present","8021-26902","Event","HumanObservation"
"PORE","Point Reyes National Seashore","NP","North Beach - Abbott's",2022,"va:wv",,,"Charadrius nivosus","Western Snowy Plover","824030",,95,"No egg tooth present","No yolk sac present","8021-26901","Event","HumanObservation"
"PORE","Point Reyes National Seashore","NP","North Beach - Abbott's",2022,"va:wb",,,"Charadrius nivosus","Western Snowy Plover","824030",,25,"Yes egg tooth are present","No yolk sac present","2851-04801","Event","HumanObservation"
"PORE","Point Reyes National Seashore","NP","North Beach - Abbott's",2022,"va:go",,,"Charadrius nivosus","Western Snowy Plover","824030",,50,"No egg tooth present","No yolk sac present","8021-26904","Event","HumanObservation"
"PORE","Point Reyes National Seashore","NP","North Beach - Abbott's",2022,"va:ga",,,"Charadrius nivosus","Western Snowy Plover","824030",,50,"No egg tooth present","No yolk sac present","2851-04812","Event","HumanObservation"
"PORE","Point Reyes National Seashore","NP","North Beach - Abbott's",2022,"va:gb",,,"Charadrius nivosus","Western Snowy Plover","824030",,75,"No egg tooth present","No yolk sac present","2851-04806","Event","HumanObservation"
"PORE","Point Reyes National Seashore","NP","North Beach - Abbott's",2022,"va:gr",,,"Charadrius nivosus","Western Snowy Plover","824030",,50,"Yes egg tooth are present","No yolk sac present","2851-04813","Event","HumanObservation"
"PORE","Point Reyes National Seashore","NP","North Beach - Abbott's",2022,"va:yv",,,"Charadrius nivosus","Western Snowy Plover","824030",,100,"Yes egg tooth are present","No yolk sac present","2851-04815","Event","HumanObservation"
"PORE","Point Reyes National Seashore","NP","North Beach - Abbott's",2022,"va:ya",,,"Charadrius nivosus","Western Snowy Plover","824030",,75,"Yes egg tooth are present","No yolk sac present","2851-04808","Event","HumanObservation"
"PORE","Point Reyes National Seashore","NP","North Beach - Abbott's",2022,"va:yo",,,"Charadrius nivosus","Western Snowy Plover","824030",,100,"Yes egg tooth are present","No yolk sac present","2851-04809","Event","HumanObservation"
"PORE","Point Reyes National Seashore","NP","North Beach - Abbott's",2022,"va:yv",,,"Charadrius nivosus","Western Snowy Plover","824030",,100,"Yes egg tooth are present","No yolk sac present","2851-04810","Event","HumanObservation"
"PORE","Point Reyes National Seashore","NP","North Beach - Abbott's",2022,"va:gg",,,"Charadrius nivosus","Western Snowy Plover","824030",,75,"No egg tooth present","No yolk sac present","2851-04811","Event","HumanObservation"
"PORE","Point Reyes National Seashore","NP","North Beach - Abbott's",2022,"av:bb",,,"Charadrius nivosus","Western Snowy Plover","824030",,100,"No egg tooth present","No yolk sac present","2851-04828","Event","HumanObservation"
"PORE","Point Reyes National Seashore","NP","North Beach - Abbott's",2022,"av:by",,,"Charadrius nivosus","Western Snowy Plover","824030",,100,"No egg tooth present","No yolk sac present","2851-04823","Event","HumanObservation"
"PORE","Point Reyes National Seashore","NP","North Beach - Abbott's",2022,"x:x",,,"Charadrius nivosus","Western Snowy Plover","824030",,,,,"Didn't band this chick.","Event","HumanObservation"
"PORE","Point Reyes National Seashore","NP","North Beach - Abbott's",2022,"va:gy",,,"Charadrius nivosus","Western Snowy Plover","824030",,10,"Yes egg tooth are present","Yes yolk sac present","2851-04832","Event","HumanObservation"
"PORE","Point Reyes National Seashore","NP","North Beach - Abbott's",2022,"va:ay",,,"Charadrius nivosus","Western Snowy Plover","824030",,100,"Yes egg tooth are present","No yolk sac present","2851-04830","Event","HumanObservation"
"PORE","Point Reyes National Seashore","NP","North Beach - Abbott's",2022,"va:wv",,,"Charadrius nivosus","Western Snowy Plover","824030",,100,,,"8021-26969, fledged","Event","HumanObservation"
"PORE","Point Reyes National Seashore","NP","North Beach - Abbott's",2022,"x:x",,,"Charadrius nivosus","Western Snowy Plover","824030",,,,,"Did not band this chick","Event","HumanObservation"
"PORE","Point Reyes National Seashore","NP","North Beach - Abbott's",2022,"va:gg",,,"Charadrius nivosus","Western Snowy Plover","824030",,90,"No egg tooth present","No yolk sac present","8021-26909","Event","HumanObservation"
"PORE","Point Reyes National Seashore","NP","North Beach - Abbott's",2022,"va:yw",,,"Charadrius nivosus","Western Snowy Plover","824030",,100,"Yes egg tooth are present","No yolk sac present","2851-04814, fledged","Event","HumanObservation"
"PORE","Point Reyes National Seashore","NP","North Beach - Abbott's",2022,"av:wg",,,"Charadrius nivosus","Western Snowy Plover","824030",,,,,"2851-04825, fledged","Event","HumanObservation"
"PORE","Point Reyes National Seashore","NP","North Beach - Abbott's",2022,"av:wb",,,"Charadrius nivosus","Western Snowy Plover","824030",,,,,"2851-04824, fledged","Event","HumanObservation"
"PORE","Point Reyes National Seashore","NP","North Beach - Abbott's",2022,"av:wr",,,"Charadrius nivosus","Western Snowy Plover","824030",,,,,"2851-04822, fledged","Event","HumanObservation"
"PORE","Point Reyes National Seashore","NP","North Beach - Abbott's",2022,"va:yr",,,"Charadrius nivosus","Western Snowy Plover","824030",,100,"Yes egg tooth are present","No yolk sac present","2851-04821","Event","HumanObservation"
"PORE","Point Reyes National Seashore","NP","North Beach - Abbott's",2022,"va:wo",,,"Charadrius nivosus","Western Snowy Plover","824030",,100,"Yes egg tooth are present","No yolk sac present","2851-04829","Event","HumanObservation"
"PORE","Point Reyes National Seashore","NP","North Beach - Abbott's",2022,"va:wa",,,"Charadrius nivosus","Western Snowy Plover","824030",,100,"Yes egg tooth are present","No yolk sac present","2851-04818","Event","HumanObservation"
"PORE","Point Reyes National Seashore","NP","North Beach - Abbott's",2022,"va:ro",,,"Charadrius nivosus","Western Snowy Plover","824030",,100,,,"8021-26973","Event","HumanObservation"
"PORE","Point Reyes National Seashore","NP","North Beach - Abbott's",2022,"va:rr",,,"Charadrius nivosus","Western Snowy Plover","824030",,100,,,"8021-26972","Event","HumanObservation"
"PORE","Point Reyes National Seashore","NP","North Beach - Abbott's",2022,"va:ww",,,"Charadrius nivosus","Western Snowy Plover","824030",,100,,,"8021-26970, fledged","Event","HumanObservation"
"PORE","Point Reyes National Seashore","NP","North Beach - Abbott's",2022,"va:ra",,,"Charadrius nivosus","Western Snowy Plover","824030",,100,"No egg tooth present","No yolk sac present","2851-04827, USGS accidentally placed on lower right leg","Event","HumanObservation"
"PORE","Point Reyes National Seashore","NP","North Beach - Abbott's",2022,"av:ra",,,"Charadrius nivosus","Western Snowy Plover","824030",,95,"Yes egg tooth are present","No yolk sac present","8021-26908","Event","HumanObservation"
"PORE","Point Reyes National Seashore","NP","North Beach - Abbott's",2022,"av:aa",,,"Charadrius nivosus","Western Snowy Plover","824030",,100,"No egg tooth present","No yolk sac present","8021-26964","Event","HumanObservation"
"PORE","Point Reyes National Seashore","NP","North Beach - Abbott's",2022,"av:gg",,,"Charadrius nivosus","Western Snowy Plover","824030",,100,"No egg tooth present","No yolk sac present","8021-26965","Event","HumanObservation"
"PORE","Point Reyes National Seashore","NP","North Beach - Abbott's",2022,"va:va",,,"Charadrius nivosus","Western Snowy Plover","824030",,80,"Yes egg tooth are present","No yolk sac present","8021-26907","Event","HumanObservation"
"PORE","Point Reyes National Seashore","NP","North Beach - Abbott's",2023,"rv:vv",,,"Charadrius nivosus","Western Snowy Plover","824030",,50,"Yes egg tooth are present","No yolk sac present","M.Lau, 2851-04877, no fledge","Event","HumanObservation"
"PORE","Point Reyes National Seashore","NP","North Beach - Abbott's",2023,"rv:by",,,"Charadrius nivosus","Western Snowy Plover","824030",,0,"Yes egg tooth are present",,"C.Eyster,8021-26976, no fledge","Event","HumanObservation"
"PORE","Point Reyes National Seashore","NP","North Beach - Abbott's",2023,"rv:wa",,,"Charadrius nivosus","Western Snowy Plover","824030",,95,"Yes egg tooth are present","No yolk sac present","M.Lau, 2851-04893, no fledge","Event","HumanObservation"
"PORE","Point Reyes National Seashore","NP","North Beach - Abbott's",2023,"rv:wg",,,"Charadrius nivosus","Western Snowy Plover","824030",,85,"Yes egg tooth are present","No yolk sac present","M.Lau, 2851-04892, no fledge","Event","HumanObservation"
"PORE","Point Reyes National Seashore","NP","North Beach - Abbott's",2023,"rv:ba",,,"Charadrius nivosus","Western Snowy Plover","824030",,80,"Yes egg tooth are present","No yolk sac present","C.Eyster, 8021-26975, no fledge","Event","HumanObservation"
"PORE","Point Reyes National Seashore","NP","North Beach - Abbott's",2023,"rv:ya",,,"Charadrius nivosus","Western Snowy Plover","824030",,50,"Yes egg tooth are present","No yolk sac present","M.Lau, 2851-04882, fledged","Event","HumanObservation"
"PORE","Point Reyes National Seashore","NP","North Beach - Abbott's",2023,"rv:yv",,,"Charadrius nivosus","Western Snowy Plover","824030",,90,"Yes egg tooth are present","No yolk sac present","M.Lau, 2851-04881, no fledge","Event","HumanObservation"
"PORE","Point Reyes National Seashore","NP","North Beach - Abbott's",2023,"rv:vo",,,"Charadrius nivosus","Western Snowy Plover","824030",,25,"Yes egg tooth are present","No yolk sac present","M.Lau, 2851-04876, no fledge","Event","HumanObservation"
"PORE","Point Reyes National Seashore","NP","North Beach - Abbott's",2023,"rv:wa",,,"Charadrius nivosus","Western Snowy Plover","824030",,100,"No egg tooth present","No yolk sac present","C.Eyster, 8021-26985, no fledge. While banding 1st chick, CA gull approached, so I chased it away and didn't band others","Event","HumanObservation"
"PORE","Point Reyes National Seashore","NP","North Beach - Abbott's",2023,"rv:ra",,,"Charadrius nivosus","Western Snowy Plover","824030",,100,"No egg tooth present","No yolk sac present","M.Lau, 2851-04869","Event","HumanObservation"
"PORE","Point Reyes National Seashore","NP","North Beach - Abbott's",2023,"rv:bb",,,"Charadrius nivosus","Western Snowy Plover","824030",,75,"Yes egg tooth are present","No yolk sac present","M.Lau, 2851-04874, fledged","Event","HumanObservation"
"PORE","Point Reyes National Seashore","NP","North Beach - Abbott's",2023,"rv:aw",,,"Charadrius nivosus","Western Snowy Plover","824030",,100,"Yes egg tooth are present","No yolk sac present","M.Lau, 2851-04878, no fledge","Event","HumanObservation"
"PORE","Point Reyes National Seashore","NP","North Beach - Abbott's",2023,"rv:ao",,,"Charadrius nivosus","Western Snowy Plover","824030",,90,"Yes egg tooth are present","No yolk sac present","M.Lau, 2851-04875, fledged","Event","HumanObservation"
"PORE","Point Reyes National Seashore","NP","North Beach - Abbott's",2023,"rv:rr",,,"Charadrius nivosus","Western Snowy Plover","824030",,100,"Yes egg tooth are present","No yolk sac present","M.Lau, 2851-04870, fledge, egg tooth fell off during banding","Event","HumanObservation"
"PORE","Point Reyes National Seashore","NP","North Beach - Abbott's",2023,"rv:ry",,,"Charadrius nivosus","Western Snowy Plover","824030",,100,"No egg tooth present","No yolk sac present","M.Lau, 2851-04868, fledged","Event","HumanObservation"
"PORE","Point Reyes National Seashore","NP","North Beach - Abbott's",2023,"rv:bo",,,"Charadrius nivosus","Western Snowy Plover","824030",,100,"No egg tooth present","No yolk sac present","C.Eyster, 8021-26974, no fledge","Event","HumanObservation"
"PORE","Point Reyes National Seashore","NP","North Beach - Abbott's",2023,"rv:ag",,,"Charadrius nivosus","Western Snowy Plover","824030",,90,"Yes egg tooth are present","No yolk sac present","M.Lau, 2851-04833, no fledge","Event","HumanObservation"
"PORE","Point Reyes National Seashore","NP","North Beach - Abbott's",2023,"rv:aw",,,"Charadrius nivosus","Western Snowy Plover","824030",,50,"Yes egg tooth are present","No yolk sac present","M.Lau, 2851-04835, no fledge","Event","HumanObservation"
"PORE","Point Reyes National Seashore","NP","North Beach - Abbott's",2023,"rv:ar",,,"Charadrius nivosus","Western Snowy Plover","824030",,85,"Yes egg tooth are present","No yolk sac present","M.Lau, 2851-04836, no fledge","Event","HumanObservation"
"PORE","Point Reyes National Seashore","NP","North Beach - Abbott's",2024,"va;bo",,,"Charadrius nivosus","Western Snowy Plover","824030",,100,"No egg tooth present","No yolk sac present",,"Event","HumanObservation"
"PORE","Point Reyes National Seashore","NP","North Beach - Abbott's",2024,"va;yg",,,"Charadrius nivosus","Western Snowy Plover","824030",,60,"Yes egg tooth are present","No yolk sac present",,"Event","HumanObservation"
"PORE","Point Reyes National Seashore","NP","North Beach - Abbott's",2024,"va;yr",,,"Charadrius nivosus","Western Snowy Plover","824030",,10,"Yes egg tooth are present","Yes yolk sac present",,"Event","HumanObservation"
"PORE","Point Reyes National Seashore","RA","2011 Dune Restoration Area",2016,"av:yr",,,"Charadrius nivosus","Western Snowy Plover","824030",,50,"Yes egg tooth are present",,"Dot on the yellow band.","Event","HumanObservation"
"PORE","Point Reyes National Seashore","RA","2011 Dune Restoration Area",2021,"av:yv",,,"Charadrius nivosus","Western Snowy Plover","824030",,50,"Yes egg tooth are present","No yolk sac present","8021-26930","Event","HumanObservation"
"PORE","Point Reyes National Seashore","RA","2011 Dune Restoration Area",2021,"av:yb",,,"Charadrius nivosus","Western Snowy Plover","824030",,100,"No egg tooth present","No yolk sac present","8021-26910","Event","HumanObservation"
"PORE","Point Reyes National Seashore","RA","2011 Dune Restoration Area",2021,"av:yv",,,"Charadrius nivosus","Western Snowy Plover","824030",,90,"No egg tooth present","No yolk sac present","8021-26931","Event","HumanObservation"
"PORE","Point Reyes National Seashore","RA","2011 Dune Restoration Area",2021,"av:yv",,,"Charadrius nivosus","Western Snowy Plover","824030",,100,"Yes egg tooth are present","No yolk sac present","8021-26929","Event","HumanObservation"
"PORE","Point Reyes National Seashore","RA","2011 Dune Restoration Area",2022,"x:x",,,"Charadrius nivosus","Western Snowy Plover","824030",,50,,,"Not enough banding equipment to band chick","Event","HumanObservation"
"PORE","Point Reyes National Seashore","RA","2011 Dune Restoration Area",2022,"va:ar",,,"Charadrius nivosus","Western Snowy Plover","824030",,100,"No egg tooth present","No yolk sac present","8021-26903","Event","HumanObservation"
"PORE","Point Reyes National Seashore","RA","2011 Dune Restoration Area",2022,"av:gw",,,"Charadrius nivosus","Western Snowy Plover","824030",,100,"Yes egg tooth are present","No yolk sac present","2851-04834, no aqua tape in banding kit, aqua band soldered but not taped","Event","HumanObservation"
"PORE","Point Reyes National Seashore","RA","2011 Dune Restoration Area",2023,"rv:bg",,,"Charadrius nivosus","Western Snowy Plover","824030",,25,"Yes egg tooth are present","No yolk sac present","M. Lau, 2851-04841","Event","HumanObservation"
"PORE","Point Reyes National Seashore","RA","2011 Dune Restoration Area",2023,"rv:br",,,"Charadrius nivosus","Western Snowy Plover","824030",,25,"Yes egg tooth are present","No yolk sac present","M. Lau, 2851-04840","Event","HumanObservation"
"PORE","Point Reyes National Seashore","RA","2011 Dune Restoration Area",2023,"rv:gv",,,"Charadrius nivosus","Western Snowy Plover","824030",,100,,"No yolk sac present","C. Eyster, 8021-26977, Banded a day after","Event","HumanObservation"
"PORE","Point Reyes National Seashore","RA","2011 Dune Restoration Area",2023,"rv:gb",,,"Charadrius nivosus","Western Snowy Plover","824030",,50,"Yes egg tooth are present","No yolk sac present","C. Eyster, 2851-04838","Event","HumanObservation"
"PORE","Point Reyes National Seashore","RA","2011 Dune Restoration Area",2023,"rv:gg",,,"Charadrius nivosus","Western Snowy Plover","824030",,50,"Yes egg tooth are present","No yolk sac present","M. Lau, 2851-04837","Event","HumanObservation"
"PORE","Point Reyes National Seashore","RA","2011 Dune Restoration Area",2024,"av;vy",,,"Charadrius nivosus","Western Snowy Plover","824030",,95,"No egg tooth present","No yolk sac present",,"Event","HumanObservation"
"PORE","Point Reyes National Seashore","RA","2011 Dune Restoration Area",2024,"av;vr",,,"Charadrius nivosus","Western Snowy Plover","824030",,100,"No egg tooth present","No yolk sac present",,"Event","HumanObservation"
"PORE","Point Reyes National Seashore","RA","2011 Dune Restoration Area",2024,"av;vv",,,"Charadrius nivosus","Western Snowy Plover","824030",,100,"No egg tooth present","No yolk sac present",,"Event","HumanObservation"
"PORE","Point Reyes National Seashore","RA","2011 Dune Restoration Area",2025,"rv ;vy",,,"Charadrius nivosus","Western Snowy Plover","824030",,100,"No egg tooth present","No yolk sac present",,"Event","HumanObservation"
"PORE","Point Reyes National Seashore","RA","2011 Dune Restoration Area",2025,"rv ;wo",,,"Charadrius nivosus","Western Snowy Plover","824030",,100,"Yes egg tooth are present","No yolk sac present",,"Event","HumanObservation"
"PORE","Point Reyes National Seashore","RA","2011 Dune Restoration Area",2025,"rv ;ra ",,,"Charadrius nivosus","Western Snowy Plover","824030",,100,"Yes egg tooth are present","No yolk sac present",,"Event","HumanObservation"
"PORE","Point Reyes National Seashore","DB","Drakes Beach",2024,"av;ra",,,"Charadrius nivosus","Western Snowy Plover","824030",,90,"Yes egg tooth are present","No yolk sac present",,"Event","HumanObservation"
"PORE","Point Reyes National Seashore","DB","Drakes Beach",2024,"va;rg",,,"Charadrius nivosus","Western Snowy Plover","824030",,80,"Yes egg tooth are present","No yolk sac present",,"Event","HumanObservation"
"PORE","Point Reyes National Seashore","K","Kehoe Beach",2016,"av:bw",,,"Charadrius nivosus","Western Snowy Plover","824030",6.5,90,"Yes egg tooth are present",,"USFWS - 8021-20782","Event","HumanObservation"
"PORE","Point Reyes National Seashore","K","Kehoe Beach",2016,"av:bw",,,"Charadrius nivosus","Western Snowy Plover","824030",6.09999990463257,90,"Yes egg tooth are present",,"USFWS - 8021-20781","Event","HumanObservation"
"PORE","Point Reyes National Seashore","K","Kehoe Beach",2016,"av:gy",,,"Charadrius nivosus","Western Snowy Plover","824030",,,"Yes egg tooth are present",,"USFWS - 8021-11094","Event","HumanObservation"
"PORE","Point Reyes National Seashore","K","Kehoe Beach",2016,"av:bw",,,"Charadrius nivosus","Western Snowy Plover","824030",6.5,85,"Yes egg tooth are present",,"USFWS - 8021-20783","Event","HumanObservation"
"PORE","Point Reyes National Seashore","K","Kehoe Beach",2016,"av:gy",,,"Charadrius nivosus","Western Snowy Plover","824030",,,"Yes egg tooth are present",,"USFWS - 8021-11095","Event","HumanObservation"
"PORE","Point Reyes National Seashore","K","Kehoe Beach",2017,"av:wb",,,"Charadrius nivosus","Western Snowy Plover","824030",,,,,"USFWS: 8021-20539","Event","HumanObservation"
"PORE","Point Reyes National Seashore","K","Kehoe Beach",2017,"av:wb",,,"Charadrius nivosus","Western Snowy Plover","824030",,,,,"USFWS: 8021-20538","Event","HumanObservation"
"PORE","Point Reyes National Seashore","K","Kehoe Beach",2017,"av:wb",,,"Charadrius nivosus","Western Snowy Plover","824030",,,,,"USFWS: 8021-20540","Event","HumanObservation"
"PORE","Point Reyes National Seashore","K","Kehoe Beach",2019,"av:wo",,,"Charadrius nivosus","Western Snowy Plover","824030",,100,"Yes egg tooth are present",,"8021-18671","Event","HumanObservation"
"PORE","Point Reyes National Seashore","K","Kehoe Beach",2019,"av:oy",,,"Charadrius nivosus","Western Snowy Plover","824030",,90,"Yes egg tooth are present",,"8021-18665","Event","HumanObservation"
"PORE","Point Reyes National Seashore","K","Kehoe Beach",2019,"av:rg",,,"Charadrius nivosus","Western Snowy Plover","824030",,50,"Yes egg tooth are present",,"8021-18677","Event","HumanObservation"
"PORE","Point Reyes National Seashore","K","Kehoe Beach",2019,"av:rg",,,"Charadrius nivosus","Western Snowy Plover","824030",,95,"Yes egg tooth are present",,"8021-18676","Event","HumanObservation"
"PORE","Point Reyes National Seashore","K","Kehoe Beach",2019,"av:vo",,,"Charadrius nivosus","Western Snowy Plover","824030",,95,"Yes egg tooth are present",,"8021-18674","Event","HumanObservation"
"PORE","Point Reyes National Seashore","K","Kehoe Beach",2019,"av:vo",,,"Charadrius nivosus","Western Snowy Plover","824030",,80,"Yes egg tooth are present",,"8021-18675","Event","HumanObservation"
"PORE","Point Reyes National Seashore","K","Kehoe Beach",2019,"av:oy",,,"Charadrius nivosus","Western Snowy Plover","824030",,80,"Yes egg tooth are present",,"8021-18666","Event","HumanObservation"
"PORE","Point Reyes National Seashore","K","Kehoe Beach",2019,"av:wo",,,"Charadrius nivosus","Western Snowy Plover","824030",,100,"Yes egg tooth are present",,"8021-18670","Event","HumanObservation"
"PORE","Point Reyes National Seashore","K","Kehoe Beach",2019,"av:oy",,,"Charadrius nivosus","Western Snowy Plover","824030",,90,"Yes egg tooth are present",,"8021-18664","Event","HumanObservation"
"PORE","Point Reyes National Seashore","K","Kehoe Beach",2020,"av:yb",,,"Charadrius nivosus","Western Snowy Plover","824030",,95,"No egg tooth present",,"8021-18694","Event","HumanObservation"
"PORE","Point Reyes National Seashore","K","Kehoe Beach",2020,"av:ov",,,"Charadrius nivosus","Western Snowy Plover","824030",,100,"Yes egg tooth are present",,"8021-18691","Event","HumanObservation"
"PORE","Point Reyes National Seashore","K","Kehoe Beach",2020,"av:ov",,,"Charadrius nivosus","Western Snowy Plover","824030",,100,"No egg tooth present",,"8021-18690","Event","HumanObservation"
"PORE","Point Reyes National Seashore","K","Kehoe Beach",2020,"av:yb",,,"Charadrius nivosus","Western Snowy Plover","824030",,95,"Yes egg tooth are present",,"8021-18695","Event","HumanObservation"
"PORE","Point Reyes National Seashore","K","Kehoe Beach",2020,"av:yb",,,"Charadrius nivosus","Western Snowy Plover","824030",,100,"No egg tooth present",,"8021-18696","Event","HumanObservation"
"PORE","Point Reyes National Seashore","K","Kehoe Beach",2020,"av:bv",,,"Charadrius nivosus","Western Snowy Plover","824030",,100,"No egg tooth present",,"8021-26948","Event","HumanObservation"
"PORE","Point Reyes National Seashore","K","Kehoe Beach",2020,"av:bv",,,"Charadrius nivosus","Western Snowy Plover","824030",,100,"No egg tooth present",,"8021-26947","Event","HumanObservation"
"PORE","Point Reyes National Seashore","K","Kehoe Beach",2021,"av:ra",,,"Charadrius nivosus","Western Snowy Plover","824030",,100,"Yes egg tooth are present","No yolk sac present","8021-26924","Event","HumanObservation"
"PORE","Point Reyes National Seashore","K","Kehoe Beach",2021,"av:ra",,,"Charadrius nivosus","Western Snowy Plover","824030",,100,"No egg tooth present","No yolk sac present","8021-26925","Event","HumanObservation"
"PORE","Point Reyes National Seashore","K","Kehoe Beach",2021,"av:av",,,"Charadrius nivosus","Western Snowy Plover","824030",,100,"No egg tooth present","No yolk sac present","8021-26963","Event","HumanObservation"
"PORE","Point Reyes National Seashore","K","Kehoe Beach",2021,"av:av",,,"Charadrius nivosus","Western Snowy Plover","824030",,100,"Yes egg tooth are present","No yolk sac present","8021-26962","Event","HumanObservation"
"PORE","Point Reyes National Seashore","K","Kehoe Beach",2021,"av:aa",,,"Charadrius nivosus","Western Snowy Plover","824030",,15,"Yes egg tooth are present","Yes yolk sac present","8021-26921","Event","HumanObservation"
"PORE","Point Reyes National Seashore","K","Kehoe Beach",2021,"av:aa",,,"Charadrius nivosus","Western Snowy Plover","824030",,15,"Yes egg tooth are present","No yolk sac present","8021-26920","Event","HumanObservation"
"PORE","Point Reyes National Seashore","K","Kehoe Beach",2021,"av:ra",,,"Charadrius nivosus","Western Snowy Plover","824030",,100,"Yes egg tooth are present","No yolk sac present","8021-26923","Event","HumanObservation"
"PORE","Point Reyes National Seashore","K","Kehoe Beach",2023,"rv:aw",,,"Charadrius nivosus","Western Snowy Plover","824030",,100,"Yes egg tooth are present","No yolk sac present","M.Lau, 2851-04889, no fledge","Event","HumanObservation"
"PORE","Point Reyes National Seashore","K","Kehoe Beach",2023,"vv:vv",,,"Charadrius nivosus","Western Snowy Plover","824030",,75,"Yes egg tooth are present","No yolk sac present","M. Lau, 2851-04846, Accidentally banded with prefix VV, but didn't have proper tools to remove plastic","Event","HumanObservation"
"PORE","Point Reyes National Seashore","K","Kehoe Beach",2023,"rv:wb",,,"Charadrius nivosus","Western Snowy Plover","824030",,100,"No egg tooth present","No yolk sac present","M.Lau, 2851-04880, no fledge","Event","HumanObservation"
"PORE","Point Reyes National Seashore","K","Kehoe Beach",2023,"rv:yy",,,"Charadrius nivosus","Western Snowy Plover","824030",,100,"No egg tooth present","No yolk sac present","M.Lau, 2851-04879, no fledge","Event","HumanObservation"
"PORE","Point Reyes National Seashore","K","Kehoe Beach",2023,"rv:aa",,,"Charadrius nivosus","Western Snowy Plover","824030",,100,"No egg tooth present","No yolk sac present","M.Lau, 2851-04891, no fledge","Event","HumanObservation"
"PORE","Point Reyes National Seashore","K","Kehoe Beach",2023,"rv:wr",,,"Charadrius nivosus","Western Snowy Plover","824030",,100,"Yes egg tooth are present","No yolk sac present","M.Lau, 2851-04842, didn't fledge","Event","HumanObservation"
"PORE","Point Reyes National Seashore","K","Kehoe Beach",2023,"rv:ar",,,"Charadrius nivosus","Western Snowy Plover","824030",,100,"No egg tooth present","No yolk sac present","M.Lau, 2851-04890, no fledge","Event","HumanObservation"
"PORE","Point Reyes National Seashore","K","Kehoe Beach",2023,"rv:ww",,,"Charadrius nivosus","Western Snowy Plover","824030",,100,"No egg tooth present","No yolk sac present","M. Lau, 2851-04839, didn’t fledge","Event","HumanObservation"
"PORE","Point Reyes National Seashore","K","Kehoe Beach",2024,"va;vb",,,"Charadrius nivosus","Western Snowy Plover","824030",,100,"No egg tooth present","No yolk sac present",,"Event","HumanObservation"
"PORE","Point Reyes National Seashore","K","Kehoe Beach",2024,"av;ra",,,"Charadrius nivosus","Western Snowy Plover","824030",,100,"Yes egg tooth are present","No yolk sac present",,"Event","HumanObservation"
"PORE","Point Reyes National Seashore","K","Kehoe Beach",2024,"av;rb",,,"Charadrius nivosus","Western Snowy Plover","824030",,100,"Yes egg tooth are present","No yolk sac present",,"Event","HumanObservation"
"PORE","Point Reyes National Seashore","K","Kehoe Beach",2024,"va;vo",,,"Charadrius nivosus","Western Snowy Plover","824030",,100,"No egg tooth present","No yolk sac present",,"Event","HumanObservation"
"PORE","Point Reyes National Seashore","K","Kehoe Beach",2024,"va;rr",,,"Charadrius nivosus","Western Snowy Plover","824030",,100,"No egg tooth present","Yes yolk sac present",,"Event","HumanObservation"
"PORE","Point Reyes National Seashore","K","Kehoe Beach",2024,"va;gv",,,"Charadrius nivosus","Western Snowy Plover","824030",,100,"No egg tooth present","No yolk sac present",,"Event","HumanObservation"
"PORE","Point Reyes National Seashore","L","Limantour Beach",2016,"av:yb",,,"Charadrius nivosus","Western Snowy Plover","824030",,50,"Yes egg tooth are present",,"All plastic bands. Date is not the day it was banded.","Event","HumanObservation"
"PORE","Point Reyes National Seashore","L","Limantour Beach",2016,"av:og",,,"Charadrius nivosus","Western Snowy Plover","824030",,50,"Yes egg tooth are present","No yolk sac present","dot on the orange band.USFWS - 8021-11096","Event","HumanObservation"
"PORE","Point Reyes National Seashore","L","Limantour Beach",2016,"av:og",,,"Charadrius nivosus","Western Snowy Plover","824030",,25,"Yes egg tooth are present","Yes yolk sac present","dot on the green band. USFWS - 8021-11097","Event","HumanObservation"
"PORE","Point Reyes National Seashore","L","Limantour Beach",2016,"av:wr",,,"Charadrius nivosus","Western Snowy Plover","824030",,90,"Yes egg tooth are present",,"All plastic bands. Date is not the day it was banded.","Event","HumanObservation"
"PORE","Point Reyes National Seashore","L","Limantour Beach",2017,"av:rw",,,"Charadrius nivosus","Western Snowy Plover","824030",5.59999990463257,20,"Yes egg tooth are present",,"USFWS: 8021-20542","Event","HumanObservation"
"PORE","Point Reyes National Seashore","L","Limantour Beach",2017,"av:ag",,,"Charadrius nivosus","Western Snowy Plover","824030",,100,"No egg tooth present","No yolk sac present","USFWS: 8021-18399","Event","HumanObservation"
"PORE","Point Reyes National Seashore","NP","North Beach - Abbott's",2024,"av;bo",,,"Charadrius nivosus","Western Snowy Plover","824030",,30,"Yes egg tooth are present","No yolk sac present",,"Event","HumanObservation"
"PORE","Point Reyes National Seashore","NP","North Beach - Abbott's",2024,"va;bb",,,"Charadrius nivosus","Western Snowy Plover","824030",,100,"Yes egg tooth are present","No yolk sac present",,"Event","HumanObservation"
"PORE","Point Reyes National Seashore","NP","North Beach - Abbott's",2024,"va;by",,,"Charadrius nivosus","Western Snowy Plover","824030",,100,"Yes egg tooth are present","Yes yolk sac present",,"Event","HumanObservation"
"PORE","Point Reyes National Seashore","NP","North Beach - Abbott's",2024,"va;aw",,,"Charadrius nivosus","Western Snowy Plover","824030",,100,"Yes egg tooth are present","No yolk sac present",,"Event","HumanObservation"
"PORE","Point Reyes National Seashore","NP","North Beach - Abbott's",2024,"av;pv",,,"Charadrius nivosus","Western Snowy Plover","824030",,25,"Yes egg tooth are present","Yes yolk sac present",,"Event","HumanObservation"
"PORE","Point Reyes National Seashore","NP","North Beach - Abbott's",2024,"av;bb",,,"Charadrius nivosus","Western Snowy Plover","824030",,30,"Yes egg tooth are present","Yes yolk sac present",,"Event","HumanObservation"
"PORE","Point Reyes National Seashore","NP","North Beach - Abbott's",2024,"av;gw",,,"Charadrius nivosus","Western Snowy Plover","824030",,95,"Yes egg tooth are present","No yolk sac present",,"Event","HumanObservation"
"PORE","Point Reyes National Seashore","NP","North Beach - Abbott's",2024,"av;yg",,,"Charadrius nivosus","Western Snowy Plover","824030",,100,"No egg tooth present","No yolk sac present",,"Event","HumanObservation"
"PORE","Point Reyes National Seashore","NP","North Beach - Abbott's",2024,"av;py",,,"Charadrius nivosus","Western Snowy Plover","824030",,50,"Yes egg tooth are present","No yolk sac present",,"Event","HumanObservation"
"PORE","Point Reyes National Seashore","NP","North Beach - Abbott's",2024,"va;bg",,,"Charadrius nivosus","Western Snowy Plover","824030",,100,"Yes egg tooth are present","No yolk sac present",,"Event","HumanObservation"
"PORE","Point Reyes National Seashore","NP","North Beach - Abbott's",2024,"av;av",,,"Charadrius nivosus","Western Snowy Plover","824030",,85,"Yes egg tooth are present","No yolk sac present",,"Event","HumanObservation"
"PORE","Point Reyes National Seashore","NP","North Beach - Abbott's",2024,"va;ro",,,"Charadrius nivosus","Western Snowy Plover","824030",,100,"No egg tooth present","No yolk sac present",,"Event","HumanObservation"
"PORE","Point Reyes National Seashore","NP","North Beach - Abbott's",2024,"av;gw",,,"Charadrius nivosus","Western Snowy Plover","824030",,90,"Yes egg tooth are present","No yolk sac present",,"Event","HumanObservation"
"PORE","Point Reyes National Seashore","NP","North Beach - Abbott's",2024,"va;ar",,,"Charadrius nivosus","Western Snowy Plover","824030",,100,"Yes egg tooth are present","No yolk sac present",,"Event","HumanObservation"
"PORE","Point Reyes National Seashore","NP","North Beach - Abbott's",2024,"va;ag",,,"Charadrius nivosus","Western Snowy Plover","824030",,100,"Yes egg tooth are present","No yolk sac present",,"Event","HumanObservation"
"PORE","Point Reyes National Seashore","NP","North Beach - Abbott's",2024,"av;ob",,,"Charadrius nivosus","Western Snowy Plover","824030",,0,"No egg tooth present","No yolk sac present",,"Event","HumanObservation"
"PORE","Point Reyes National Seashore","NP","North Beach - Abbott's",2024,"av;ab",,,"Charadrius nivosus","Western Snowy Plover","824030",,90,"Yes egg tooth are present","No yolk sac present",,"Event","HumanObservation"
"PORE","Point Reyes National Seashore","NP","North Beach - Abbott's",2024,"av;ar",,,"Charadrius nivosus","Western Snowy Plover","824030",,85,"Yes egg tooth are present","No yolk sac present",,"Event","HumanObservation"
"PORE","Point Reyes National Seashore","NP","North Beach - Abbott's",2024,"va;rb",,,"Charadrius nivosus","Western Snowy Plover","824030",,100,"Yes egg tooth are present","No yolk sac present",,"Event","HumanObservation"
"PORE","Point Reyes National Seashore","NP","North Beach - Abbott's",2024,"av;pg",,,"Charadrius nivosus","Western Snowy Plover","824030",,80,"Yes egg tooth are present","No yolk sac present",,"Event","HumanObservation"
"PORE","Point Reyes National Seashore","NP","North Beach - Abbott's",2024,"av;yo",,,"Charadrius nivosus","Western Snowy Plover","824030",,90,"Yes egg tooth are present","No yolk sac present",,"Event","HumanObservation"
"PORE","Point Reyes National Seashore","NP","North Beach - Abbott's",2024,"av;wo",,,"Charadrius nivosus","Western Snowy Plover","824030",,100,"No egg tooth present","No yolk sac present",,"Event","HumanObservation"
"PORE","Point Reyes National Seashore","NP","North Beach - Abbott's",2024,"av;wb",,,"Charadrius nivosus","Western Snowy Plover","824030",,100,"No egg tooth present","No yolk sac present",,"Event","HumanObservation"
"PORE","Point Reyes National Seashore","NP","North Beach - Abbott's",2024,"av;wg",,,"Charadrius nivosus","Western Snowy Plover","824030",,100,"No egg tooth present","No yolk sac present",,"Event","HumanObservation"
"PORE","Point Reyes National Seashore","NP","North Beach - Abbott's",2024,"rv;xx",,,"Charadrius nivosus","Western Snowy Plover","824030",,100,"No egg tooth present","No yolk sac present",,"Event","HumanObservation"
"PORE","Point Reyes National Seashore","NP","North Beach - Abbott's",2024,"av;yv",,,"Charadrius nivosus","Western Snowy Plover","824030",,50,"Yes egg tooth are present","No yolk sac present",,"Event","HumanObservation"
"PORE","Point Reyes National Seashore","NP","North Beach - Abbott's",2024,"av;wy",,,"Charadrius nivosus","Western Snowy Plover","824030",,100,"No egg tooth present","No yolk sac present",,"Event","HumanObservation"
"PORE","Point Reyes National Seashore","NP","North Beach - Abbott's",2024,"av;gb",,,"Charadrius nivosus","Western Snowy Plover","824030",,80,"Yes egg tooth are present","No yolk sac present",,"Event","HumanObservation"
"PORE","Point Reyes National Seashore","NP","North Beach - Abbott's",2024,"av;pr",,,"Charadrius nivosus","Western Snowy Plover","824030",,60,"Yes egg tooth are present","No yolk sac present",,"Event","HumanObservation"
"PORE","Point Reyes National Seashore","NP","North Beach - Abbott's",2024,"av;vg",,,"Charadrius nivosus","Western Snowy Plover","824030",,80,"Yes egg tooth are present","No yolk sac present",,"Event","HumanObservation"
"PORE","Point Reyes National Seashore","NP","North Beach - Abbott's",2024,"av;bw",,,"Charadrius nivosus","Western Snowy Plover","824030",,95,"Yes egg tooth are present","No yolk sac present",,"Event","HumanObservation"
"PORE","Point Reyes National Seashore","NP","North Beach - Abbott's",2024,"av;go",,,"Charadrius nivosus","Western Snowy Plover","824030",,95,"Yes egg tooth are present","No yolk sac present",,"Event","HumanObservation"
"PORE","Point Reyes National Seashore","NP","North Beach - Abbott's",2024,"av;gy",,,"Charadrius nivosus","Western Snowy Plover","824030",,90,"Yes egg tooth are present","No yolk sac present",,"Event","HumanObservation"
"PORE","Point Reyes National Seashore","NP","North Beach - Abbott's",2024,"av;gv",,,"Charadrius nivosus","Western Snowy Plover","824030",,60,"Yes egg tooth are present","No yolk sac present",,"Event","HumanObservation"
"PORE","Point Reyes National Seashore","NP","North Beach - Abbott's",2024,"va;gv",,,"Charadrius nivosus","Western Snowy Plover","824030",,25,"Yes egg tooth are present","No yolk sac present",,"Event","HumanObservation"
"PORE","Point Reyes National Seashore","NP","North Beach - Abbott's",2024,"av;og",,,"Charadrius nivosus","Western Snowy Plover","824030",,100,"No egg tooth present","No yolk sac present",,"Event","HumanObservation"
"PORE","Point Reyes National Seashore","NP","North Beach - Abbott's",2024,"va;vv",,,"Charadrius nivosus","Western Snowy Plover","824030",,75,"Yes egg tooth are present","No yolk sac present",,"Event","HumanObservation"
"PORE","Point Reyes National Seashore","NP","North Beach - Abbott's",2024,"va;gy",,,"Charadrius nivosus","Western Snowy Plover","824030",,50,"Yes egg tooth are present","No yolk sac present",,"Event","HumanObservation"
"PORE","Point Reyes National Seashore","NP","North Beach - Abbott's",2024,"va;ov",,,"Charadrius nivosus","Western Snowy Plover","824030",,25,"Yes egg tooth are present","No yolk sac present",,"Event","HumanObservation"
"PORE","Point Reyes National Seashore","NP","North Beach - Abbott's",2025,"rv;bw",,,"Charadrius nivosus","Western Snowy Plover","824030",,100,"Yes egg tooth are present","No yolk sac present",,"Event","HumanObservation"
"PORE","Point Reyes National Seashore","NP","North Beach - Abbott's",2025,"rv;ww",,,"Charadrius nivosus","Western Snowy Plover","824030",,70,"Yes egg tooth are present","No yolk sac present",,"Event","HumanObservation"
"PORE","Point Reyes National Seashore","NP","North Beach - Abbott's",2025,"rv;yo",,,"Charadrius nivosus","Western Snowy Plover","824030",,100,"No egg tooth present","No yolk sac present",,"Event","HumanObservation"
"PORE","Point Reyes National Seashore","NP","North Beach - Abbott's",2025,"rv;oa",,,"Charadrius nivosus","Western Snowy Plover","824030",,100,"No egg tooth present","No yolk sac present",,"Event","HumanObservation"
"PORE","Point Reyes National Seashore","NP","North Beach - Abbott's",2025,"rv;ag",,,"Charadrius nivosus","Western Snowy Plover","824030",,100,"No egg tooth present","No yolk sac present",,"Event","HumanObservation"
"PORE","Point Reyes National Seashore","NP","North Beach - Abbott's",2025,"rv;ov",,,"Charadrius nivosus","Western Snowy Plover","824030",,100,"No egg tooth present","No yolk sac present",,"Event","HumanObservation"
"PORE","Point Reyes National Seashore","NP","North Beach - Abbott's",2025,"rv;vb",,,"Charadrius nivosus","Western Snowy Plover","824030",,100,"Yes egg tooth are present","No yolk sac present",,"Event","HumanObservation"
"PORE","Point Reyes National Seashore","NP","North Beach - Abbott's",2025,"rv;bo",,,"Charadrius nivosus","Western Snowy Plover","824030",,100,"Yes egg tooth are present","No yolk sac present",,"Event","HumanObservation"
"PORE","Point Reyes National Seashore","NP","North Beach - Abbott's",2025,"rv;yr",,,"Charadrius nivosus","Western Snowy Plover","824030",,100,"No egg tooth present","No yolk sac present",,"Event","HumanObservation"
"PORE","Point Reyes National Seashore","NP","North Beach - Abbott's",2025,"rv;ay",,,"Charadrius nivosus","Western Snowy Plover","824030",,100,"Yes egg tooth are present","No yolk sac present",,"Event","HumanObservation"
"PORE","Point Reyes National Seashore","NP","North Beach - Abbott's",2025,"rv;yy",,,"Charadrius nivosus","Western Snowy Plover","824030",,100,"Yes egg tooth are present","No yolk sac present",,"Event","HumanObservation"
"PORE","Point Reyes National Seashore","NP","North Beach - Abbott's",2025,"rv;rv",,,"Charadrius nivosus","Western Snowy Plover","824030",,50,"Yes egg tooth are present","No yolk sac present",,"Event","HumanObservation"
"PORE","Point Reyes National Seashore","NP","North Beach - Abbott's",2025,"rv;yw",,,"Charadrius nivosus","Western Snowy Plover","824030",,100,"Yes egg tooth are present","No yolk sac present",,"Event","HumanObservation"
"PORE","Point Reyes National Seashore","NB","North Beach - South Parking",2017,"av:yr",,,"Charadrius nivosus","Western Snowy Plover","824030",,60,"Yes egg tooth are present",,"USFWS: 8021-20550","Event","HumanObservation"
"PORE","Point Reyes National Seashore","NB","North Beach - South Parking",2017,"av:yr",,,"Charadrius nivosus","Western Snowy Plover","824030",,40,"Yes egg tooth are present",,"USFWS: 8021-20780","Event","HumanObservation"
"PORE","Point Reyes National Seashore","NB","North Beach - South Parking",2017,"av:yr",,,"Charadrius nivosus","Western Snowy Plover","824030",,5,"Yes egg tooth are present",,"USFWS: 8021-20786","Event","HumanObservation"
"PORE","Point Reyes National Seashore","NB","North Beach - South Parking",2018,"av:ww",,,"Charadrius nivosus","Western Snowy Plover","824030",,95,"No egg tooth present",,"USFWS: 8021-18643","Event","HumanObservation"
"PORE","Point Reyes National Seashore","NB","North Beach - South Parking",2018,"av:ww",,,"Charadrius nivosus","Western Snowy Plover","824030",,80,"No egg tooth present",,"USFWS: 8021-18644","Event","HumanObservation"
"PORE","Point Reyes National Seashore","NB","North Beach - South Parking",2018,"av:ob",,,"Charadrius nivosus","Western Snowy Plover","824030",5.40000009536743,95,"Yes egg tooth are present",,"USFWS: 8021-12089","Event","HumanObservation"
"PORE","Point Reyes National Seashore","NB","North Beach - South Parking",2018,"av:ob",,,"Charadrius nivosus","Western Snowy Plover","824030",5.5,100,"No egg tooth present",,"USFWS: 8021-12094","Event","HumanObservation"
"PORE","Point Reyes National Seashore","NB","North Beach - South Parking",2019,"av:gr",,,"Charadrius nivosus","Western Snowy Plover","824030",6.80000019073486,100,"Yes egg tooth are present",,"8021-18656","Event","HumanObservation"
"PORE","Point Reyes National Seashore","NB","North Beach - South Parking",2019,"av:bw",,,"Charadrius nivosus","Western Snowy Plover","824030",,100,"Yes egg tooth are present",,"8021-18667","Event","HumanObservation"
"PORE","Point Reyes National Seashore","NB","North Beach - South Parking",2019,"av:wb",,,"Charadrius nivosus","Western Snowy Plover","824030",6.19999980926514,85,"Yes egg tooth are present",,"8021-18658","Event","HumanObservation"
"PORE","Point Reyes National Seashore","NB","North Beach - South Parking",2019,"av:wb",,,"Charadrius nivosus","Western Snowy Plover","824030",5.40000009536743,80,"Yes egg tooth are present",,"8021-18657","Event","HumanObservation"
"PORE","Point Reyes National Seashore","NB","North Beach - South Parking",2019,"av:gr",,,"Charadrius nivosus","Western Snowy Plover","824030",,100,"No egg tooth present",,"8021-18654","Event","HumanObservation"
"PORE","Point Reyes National Seashore","NB","North Beach - South Parking",2019,"av:oo",,,"Charadrius nivosus","Western Snowy Plover","824030",,25,"Yes egg tooth are present","No yolk sac present","8021-18653","Event","HumanObservation"
"PORE","Point Reyes National Seashore","NB","North Beach - South Parking",2019,"av:oo",,,"Charadrius nivosus","Western Snowy Plover","824030",,90,"Yes egg tooth are present","No yolk sac present","8021-18652","Event","HumanObservation"
"PORE","Point Reyes National Seashore","NB","North Beach - South Parking",2019,"av:oo",,,"Charadrius nivosus","Western Snowy Plover","824030",,95,"Yes egg tooth are present","No yolk sac present","8021-18651","Event","HumanObservation"
"PORE","Point Reyes National Seashore","NB","North Beach - South Parking",2019,"av:bw",,,"Charadrius nivosus","Western Snowy Plover","824030",,50,"Yes egg tooth are present",,"8021-18669","Event","HumanObservation"
"PORE","Point Reyes National Seashore","NB","North Beach - South Parking",2019,"av:bw",,,"Charadrius nivosus","Western Snowy Plover","824030",,90,"Yes egg tooth are present",,"8021-18668","Event","HumanObservation"
"PORE","Point Reyes National Seashore","NB","North Beach - South Parking",2019,"av:gr",,,"Charadrius nivosus","Western Snowy Plover","824030",,100,"No egg tooth present",,"8021-18655","Event","HumanObservation"
"PORE","Point Reyes National Seashore","NB","North Beach - South Parking",2023,"rv:wr",,,"Charadrius nivosus","Western Snowy Plover","824030",,,,,,"Event","HumanObservation"
"PORE","Point Reyes National Seashore","NB","North Beach - South Parking",2023,"rv:wa",,,"Charadrius nivosus","Western Snowy Plover","824030",,,,,,"Event","HumanObservation"
"PORE","Point Reyes National Seashore","NB","North Beach - South Parking",2023,"rv:rw",,,"Charadrius nivosus","Western Snowy Plover","824030",,100,"No egg tooth present","No yolk sac present","M. Lau, 2851-04843","Event","HumanObservation"
"PORE","Point Reyes National Seashore","NB","North Beach - South Parking",2023,"rv:rv",,,"Charadrius nivosus","Western Snowy Plover","824030",,100,"No egg tooth present","No yolk sac present","M. Lau, 2851-04844","Event","HumanObservation"
"PORE","Point Reyes National Seashore","NB","North Beach - South Parking",2023,"rv:wg",,,"Charadrius nivosus","Western Snowy Plover","824030",,,,,,"Event","HumanObservation"
"PORE","Point Reyes National Seashore","SB","South Beach",2020,"av:oa",,,"Charadrius nivosus","Western Snowy Plover","824030",,50,"No egg tooth present",,"8021-26937","Event","HumanObservation"
"PORE","Point Reyes National Seashore","SB","South Beach",2020,"av:vv",,,"Charadrius nivosus","Western Snowy Plover","824030",,100,"Yes egg tooth are present",,"8021-26942","Event","HumanObservation"
"PORE","Point Reyes National Seashore","SB","South Beach",2020,"av:vv",,,"Charadrius nivosus","Western Snowy Plover","824030",,50,"Yes egg tooth are present",,"8021-26941","Event","HumanObservation"
"PORE","Point Reyes National Seashore","SB","South Beach",2020,"av:vv",,,"Charadrius nivosus","Western Snowy Plover","824030",,25,"Yes egg tooth are present",,"8021-26940","Event","HumanObservation"
"PORE","Point Reyes National Seashore","SB","South Beach",2020,"av:oa",,,"Charadrius nivosus","Western Snowy Plover","824030",,100,"No egg tooth present",,"8021-26939","Event","HumanObservation"
"PORE","Point Reyes National Seashore","SB","South Beach",2020,"av:oa",,,"Charadrius nivosus","Western Snowy Plover","824030",,75,"Yes egg tooth are present",,"8021-26938","Event","HumanObservation"
